Artist_Name,Artist_Id,Artist_Popularity,Top_Track_1,Top_Track_2,Top_Track_3,Top_Track_4,Top_Track_5,Top_Track_6,Top_Track_7,Top_Track_8,Top_Track_9,Top_Track_10
Abraham Mateo,2bxxlINUlcMQQb39K7IopR,69,Clavaito,Quiero Decirte,Te Miro A La Cara,¿Qué Ha Pasao'?,Maníaca,Loco Enamorado,Bora Bora,La Idea,No Encuentro Palabras,Ahora Te Puedes Marchar
Adam Levine,4bYPcJP5jwMhSivRcqie2n,71,Ojalá,Lost Stars,Lifestyle (feat. Adam Levine),Good Mood - Original Song From Paw Patrol: The Movie,No One Else Like You,A Higher Place,Lifestyle (feat. Adam Levine) - David Guetta Slap House Mix,Lost Stars - Into The Night Mix,Yesterday - The Voice Performance,Wings Of Stone
Aitana,7eLcDZDYHXZCebtQmVFL25,75,Los Ángeles,Mon Amour - Remix,LAS BABYS,Presiento,Formentera,mariposas,Quieres,Vas A Quedarte,Más De Lo Que Aposté,En El Coche
Aleesha,18qC8mrcJ9ZjChRDPvpadi,43,ESO,828,Angelito,cómo t va?,Ke Sientes,Arrepentío,NO MAN,Sin Kerer,La Patrona,Tono de Llamada
Alejandro Rian1o,6gypZD8U0igayJnsl9ZWQF,31,Solo tú
Alejandro Sanz,5sUrlPAHlS9NEirDB8SEbF,75,La tortura,Corazón partío,Amiga mía,El Ultimo Adiós - Varios Artistas Version,Correcaminos,Mi soledad y yo,"Te lo agradezco, pero no (feat. Shakira)",Un Beso en Madrid,Mi Persona Favorita,Desde cuando
Alejandro Valencia,3oQvC1twYXSwuCoQtCN3ca,21,Alma - Remix,MAMAXITA,CANSADA,SOLA,Pa Mi,Olvidate de El
Alex Sensation,0OROVBEZCocg0FcgJpyBse,53,Que Va,After Party,Fantasía,La Calle,La Diabla,Pa' Lante,La Mala Y La Buena,Bailame (feat. Yandel & Shaggy),Te Veré,Dame Un Chance
Anitta,7FNnA9vBm6EKceENgCGRMb,78,Envolver,Funk Rave,Nu,Downtown,Vai Vendo,Ai Papai,Pilantra,Capitán,La Loto,Girl From Rio
Anuel AA,2R21vXR83lH98kGeO99Y66,87,Mas Rica Que Ayer,Hasta Que Dios Diga,Amanece,Mejor Que Yo,MI EXXX,La Llevo Al Cielo (Ft. Ñengo Flow),Ella Quiere Beber - Remix,China,Delincuente,Triste Verano
B-Case,1o9x7ez0NvhDb7gBqrYnUj,48,Le Encanta,BALLER,Can't Buy Love (feat. Baby E),Psycho! - Topic & B-Case Remix,Escondidos,Do It Like Me (feat. B-Case),Hungry Heart,Lucky L - Radio Edit,Do It Like Me (feat. B-Case) - Robin Schulz Remix,So schön kaputt - B-Case Remix
Bad Bunny,4q3ewBCX7sLwd24euuV69X,96,un x100to,WHERE SHE GOES,Me Porto Bonito,Coco Chanel,La Jumpa,Ojitos Lindos,Tití Me Preguntó,Efecto,LA CANCIÓN,Moscow Mule
Bad Gyal,4F4pp8NUW08JuXwnoxglpN,70,KÁRMIKA,Chulo pt.2,Chulo,Fiebre (Prod. King DouDou),QUE RICO (w/ Bad Gyal),El Sol Me Da,Real G,La Prendo,Alocao (With Bad Gyal),Blin Blin
Becky G,4obzFoKoKRHIphyHzJ35G3,80,Chanel,MAMIII,Arranca (feat. Omega),Shower,Mayores,Sin Pijama,Cuando Te Besé,FULANITO,Bubalu,La Loto
Beele,7a0XAaPaK2aDSqa8p3QnC7,74,VAGABUNDO,Inolvidable,"Manos Frías (con Reik, Beéle)",Loco,Fantasi,Aloha,Ella - Remix,Tú Sí,SI ES AMOR,Jamaica
Belinda,5LeiVcEnsZcwc133TUhJNW,67,Amor A Primera Vista,LAS 12,La Niña de la Escuela,Resistiré,Ángel - Once in Your Lifetime,Bella Traicion,Luz Sin Gravedad,Déjate Llevar,Si Nos Dejan,Ay Haiti!
Bizarrap,716NhGYqD1jl2wI1Qkgq36,86,"Peso Pluma: Bzrp Music Sessions, Vol. 55","Quevedo: Bzrp Music Sessions, Vol. 52","Shakira: Bzrp Music Sessions, Vol. 53","Rauw Alejandro: Bzrp Music Sessions, Vol. 56",BABY HELLO,"Arcángel: Bzrp Music Sessions, Vol. 54","Tiago PZK: Bzrp Music Sessions, Vol. 48","Eladio Carrion: Bzrp Music Sessions, Vol. 40","Villano Antillano: Bzrp Music Sessions, Vol. 51",Sin Frenos
Black Eyed Peas,1yxSLGMDHlW21z4YXirZDS,80,I Gotta Feeling,Where Is The Love?,Pump It,DON'T YOU WORRY,Meet Me Halfway,Just Can’t Get Enough,BAILAR CONTIGO,RITMO (Bad Boys For Life),GIRL LIKE ME,My Humps
Blessd,1TA5sGRlKUJXBN4ZyJuDIX,75,Las Morras,Medallo,Ojitos Rojos - Remix,Tendencia Global,Instagram,Palabras Sobran,Quien TV Remix,One Love,Ojitos Rojos,Que Duro
Boza,2NfSBtmWe7oPw1EmetJVso,64,Hecha Pa' Mi,Ocean,Ella - Remix,Ella,Apretaito,Qué Prefieres?,Volar,Perreito Salvaje,Sé Que Estás Con Él,Ayahuasca
Brian Castro,1sIoWXRfR1dgisFsVTo07m,0
Brray,1GKIlPFdcewHtpDVCQ8zmJ,74,LOKERA,Corazón Roto - Remix,Sigue Bailandome,Corazón Roto,La Single,TO LO DÍAS ES 420,Pretty Bad Bitch,La Jeepeta,TU GATITO,MARIMBA GRINGA
Cali Y El Dandee,5DUlefCLzVRzNWaNURTFpK,68,Por Fin Te Encontré,Yo Te Esperaré,Nada,+ (MÁS),2005,La Musiquita,La Estrategia,Un Tiempo,Locura,Por Qué Te Vas
Calle 13,0yNSzH5nZmHzeE2xn6Xshb,68,Atrévete-Te-Te,Muerte En Hawaii,La Vuelta Al Mundo,Ojos Color Sol (feat. Silvio Rodríguez),No Hay Nadie Como Tú (feat. Café Tacuba),"Latinoamérica (feat. Totó la Momposina, Susana Baca & Maria Rita)",El Aguante,Baile De Los Pobres,Un Beso de Desayuno,Tango del Pecado (feat. Bajofondo Tango Club & Panasuyo)
Cami,3VCrybIJKH7UurbDcZbMmn,59,Simplemente Pasan,Un Millón Como Tú,Odio Que No Te Odio,Querida Rosa,Codependientes,Pa Callar Tus Penas,EL PEOR,El Derecho de Vivir en Paz,Funeral,Con Las Ganas
Camila Cabello,4nDoRrQiYLoBzwC5BhVJzF,80,Señorita,Bam Bam (feat. Ed Sheeran),Shameless,Havana (feat. Young Thug),Don't Go Yet,South of the Border (feat. Camila Cabello & Cardi B),My Oh My (feat. DaBaby),Never Be the Same,Beautiful (feat. Camila Cabello),I Know What You Did Last Summer
Camilo,28gNT5KBp7IjEOQoevXf9N,79,Ni Me Debes Ni Te Debo,La Mitad,Tattoo - Remix with Camilo,Desconocidos,Vida de Rico,Índigo,BEBÉ,El Mismo Aire - con Pablo Alborán,Tutu,KESI - Remix
Caracol Television,6Rk6tAhO16QKZZtYFrHMbm,58,Ser Un Cantante,Reflejo,Perdóname,Fénix,Depredador,Mi Destino,Estamos Perdiendo el Tiempo,Amor Imposible,Fijación,Siete Vidas
Cardi B,4kYSro6naA4h99UJvo89HB,79,I Like It,WAP (feat. Megan Thee Stallion),Up,Put It On Da Floor Again (feat. Cardi B),Tomorrow 2 (with Cardi B),South of the Border (feat. Camila Cabello & Cardi B),Please Me,Finesse - Remix; feat. Cardi B,Bodak Yellow,Money
Carlos Rivera,39yVoqm6sYFvvqF1RciUVf,73,Que Lo Nuestro Se Quede Nuestro,Te Esperaba,¿Cómo Pagarte?,Color Esperanza 2020,100 Años,Me Muero,Sincerándome,Alguien Me Espera en Madrid,Solo Tú,Otras Vidas
Carlos Vives,4vhNDa5ycK0ST968ek7kRr,73,Robarte un Beso,La Bicicleta,El Ultimo Adiós - Varios Artistas Version,Canción Bonita,Color Esperanza 2020,Volví a Nacer,La Gota Fria,Nota de Amor (feat. Daddy Yankee),Cuando Nos Volvamos a Encontrar (feat. Marc Anthony),"Colombia, Mi Encanto"
Cazzu,6w3SkAHYPsQ1bxV7VDlG5y,73,Brinca,Tú Y Tú,Toda - Remix,Loca,Nada,Glock,Mucha Data,Maléfica,"Cazzu: Bzrp Music Sessions, Vol. 32",Hennessy
Charly Black,5sK8BsvyDl4TFA6KaBf8or,61,Gyal You a Party Animal,Gyal You a Party Animal - Sped Up,Gyal You a Party Animal - Remix,Party Animal,Whine & Kotch,You're Perfect,You're Perfect - Remix,Diggy Dee,Hoist & Wine,Gyal Generals
Chimbala,4VVEpEhC8NcR7AqNEds42U,63,Loco,Feliz,WOW BB,El Boom,Rueda,Tumbala,La Piedra,Esta Si,Déjate Ver,Goza
Chino & Nacho,5NS0854TqZQVoRmJKSWtFZ,64,Andas En Mi Cabeza,Niña Bonita,Me Voy Enamorando - Remix,El Poeta,Me Voy Enamorando,Tu Angelito,Tú Me Quemas,Lo Que No Sabes Tú,Se Apago La Llama,Chica Ideal
Chris Brown,7bXgB6jMjp9ATFy66eO08Z,86,Under The Influence,Superhero (Heroes & Villains) [with Future & Chris Brown],No Guidance (feat. Drake),Nostálgico,Forever,Monalisa,Go Crazy,Five More Hours,With You,Run It! (feat. Juelz Santana)
Christian Nodal,0XwVARXT135rw8lyw1EeWP,81,Ya No Somos Ni Seremos,Por el Resto de Tu Vida,Botella Tras Botella,De Los Besos Que Te Di,Aquí Abajo,Adiós Amor,Quédate,No Te Contaron Mal,Pa' Olvidarme De Ella,La Mitad
Chyno Miranda,1VrWc8r4AjrR8YfT0vlsc7,44,Raro,Quédate Conmigo,Cariño Mío,Queriéndote,Vamo' a la calle (feat. Chyno Miranda) - RMX,Antivirus,Dónde Nos Vamos A Ver,El Peor,Me Provoca,Hasta El Ombligo
CNCO,0eecdvMrqBftK0M1VKhaF4,68,Reggaetón Lento (Bailemos),Hey DJ,Reggaetón Lento (Remix),Tan Enamorados,Plutón,Tan Fácil,Dejaría Todo,Mamita,Hey DJ - Remix,La Última Canción
Cris Mj,1Yj5Xey7kTwvZla8sqdsdE,75,Una Noche en Medellín,Marisola - Remix,Su Altura,Marisola,Llamame Bebe,Me Arrepentí,Locura y Maldad,LOKOTRON REMIX,Los Malvekes,Paz Mental
Daddy Yankee,4VMYDCV2IEDYJArk749S6m,87,Gasolina,Despacito,La Santa,Yankee 150,"Lo Que Pasó, Pasó",PANTIES Y BRASIERES,Con Calma,Tu Príncipe,Soltera (Remix),China
Dalex,0KPX4Ucy9dk82uj4GpKesn,75,Hola - Remix,Pa Mí - Remix,Porno,Quizas,Cuaderno,Elegí (feat. Dímelo Flow),LA HORA Y EL DÍA,Imaginate,Bellaquita (Remix),Se Le Ve
Dalmata,3jGlU8UMMo44I2xeLQ6FD3,57,Dile a Tu Amiga,Dulce Carita (feat. Lennox & Zion),Eso en 4 No Se Ve,Viajeros,Deseo Animal 2.0,Como Toda Una Señora,XX - Remix,Mucho Brillo (Intro),Sin Pelea,Wait
Dani Martin,3AIPhNgeF9S1Kyg9Yy3UQW,60,Color Esperanza 2020,Cero,Emocional,Que Bonita la Vida,Dieciocho,Volverá - 2021,16 Añitos,"No, No Vuelve",Desastre de persona,La Suerte de Mi Vida - 2021
Daniela Sierra,3nwgQnJvhaRxrpJ9o84t4f,45,No se habla de Bruno,Solo tú
Danna Paola,5xSx2FM8mQnrfgM1QsHniB,72,tqum,XT4S1S,1Trago,Idiota,Mala Fama,Mexico,Nada,Oye Pablo,Know Me Too Well,No Bailes Sola
Danny Ocean,5H1nN1SzW0qNeUEZvuXjAj,77,Me Rehúso,Fuera del mercado,Mónaco,Dembow,Volare,Swing,Felices Perdidos,Correcaminos,Vuelve,Detente
Darell,1TtXnWcUs0FCkaZDPGYHdf,75,4K,Otro Trago,Velitas,Asesina,Te Boté,Adentro de la Disco (feat. Myke Towers),No Somos Iguales,Instagram - Remix,Me Dice Daddy,B11 (feat. Myke Towers)
David Botero,5MDgKcKetNzuCiItXkK1dG,40,Estamos Perdiendo el Tiempo,Amor Imposible - Versión de Erick,Nueva Vida,Enamorándome de Ti,Familia,Qué Flow,Reencuentro,Bombón,Blink Blink Móvil,El Goce
De La Ghetto,3EiLUeyEcA6fbRPSHkG5kb,77,ULTRA SOLO REMIX,Sensacion Del Bloque,My Love,"1, 2, 3 (feat. Jason Derulo & De La Ghetto)",La Ocasión,Si Quieren Frontear,Caile,Loco Por Perrearte - Remix,X 1 BESO,Tu Te Imaginas
Demi Lovato,6S2OmqARrzebs0tKUEyXyp,77,Cool for the Summer,Heart Attack,Échame La Culpa,Sorry Not Sorry,Solo (feat. Demi Lovato),Confident,Really Don't Care,Give Your Heart a Break,Stone Cold,Cool for the Summer - Sped Up (Nightcore)
Di Genius,08erObvNX7rs7d4pbuaRCQ,38,Come Into My Room,GPP,Bounce A Gyal,Bounce A Gal,Whine Up Part 2,Mek up Yuh Face: Fi Di Goodaz Gal Dem,Cyaa Friend Again,Pon Mi (Whine up pt.2),Can't Take Wi Life ft. Di Genius,Woke Up In Kingston - Di Genius Remix
Diana Ela,6N1G7ER0svQJ0OoUjkX4Cr,18,Contigo,Cruella,Na Pa Mi,Pudo Ser Tan Fácil,Me Libere,Na Pa Mi Remix,Navidad
Dimelo Flow,3fZk3Gm5dN5v5yfYMQ04Bx,67,Sigues Con El,Se Le Ve,Miss Lonely - Dimelo Flow Remix,"El Favor (with Nicky Jam & Sech, feat. Farruko, Zion & Lunay)",Me Frontió,No Es Normal,Tu Pollo,"La Isla (with Sech & Dalex feat. Justin Quiles, La Exce, Feid, Zion)","Pirueta (with Arcangel, Chencho Corleone, feat. Wisin & Yandel, Myke Towers)",Qué Me Contás
DJ Luian,64aJYyrXljOodnUG6jvhRD,77,Mas Rica Que Ayer,Mejor Que Yo,Solita,La Ocasión,Me Mata,Verte Ir,Me Reclama,Sensualidad,Bubalu,Báilame - Remix
DJ Snake,540vIaP2JwjQb9dm3aArA4,77,Let Me Love You,Lean On,"Taki Taki (feat. Selena Gomez, Ozuna & Cardi B)",U Are My High (with Future),"SG (with Ozuna, Megan Thee Stallion & LISA of BLACKPINK)",Middle,Loco Contigo (feat. J. Balvin & Tyga),Turn Down for What,You Know You Like It,U Are My High
Doja Cat,5cj0lLjcoR7YOSnhnX0Po5,85,Attention,I Like You (A Happier Song) (with Doja Cat),Woman,Kiss Me More (feat. SZA),You Right,Need to Know,Streets,Vegas (From the Original Motion Picture Soundtrack ELVIS),Kill Bill (feat. Doja Cat),Boss Bitch
Drake,3TVXtAsR1Inumwj472S9r4,95,Search & Rescue,Jimmy Cooks (feat. 21 Savage),Rich Flex,One Dance,Who Told You (feat. Drake),WAIT FOR U (feat. Drake & Tems),God's Plan,Fair Trade (with Travis Scott),Passionfruit,Spin Bout U
Dread Mar I,1aw0Cdl1DIrtUrUA6fGbAR,70,Tu Sin Mi,Arbol Sin Hojas,Perfecta,Hoja en Blanco,Verte,Mi Amor,Salvame,Nada,Dias De Sol Nublados,Así Fue - En Vivo
Dua Lipa,6M2wZ9GZgrQXHCFfjv46we,87,Dance The Night (From Barbie The Album),Cold Heart - PNAU Remix,One Kiss (with Dua Lipa),Levitating (feat. DaBaby),Don't Start Now,Levitating,New Rules,IDGAF,Break My Heart,Prisoner (feat. Dua Lipa)
Duki,1bAftSH8umNcGZ0uyV7LMg,85,Los del Espacio,Marisola - Remix,RoCKSTAR 2.0,Antes de Perderte,She Don't Give a Fo,hARAkiRI,aPoLLo13,antes de perderte (OG VERSION),GIVENCHY,Sin Frenos
Ed Sheeran,6eUKZXaKkcviH0Ku9w2n3V,90,Eyes Closed,Perfect,Shape of You,Shivers,Photograph,Bad Habits,Bam Bam (feat. Ed Sheeran),Thinking out Loud,Castle on the Hill,I Don't Care
El Alfa,2oQX8QiMXOyuqbcZEFsZfm,78,PLEBADA,La Romana,La Mamá de la Mamá,Que Calor (feat. J Balvin & El Alfa),BEBÉ,4K,FULANITO,Gogo Dance,Los Aparatos,BOMBÓN
ELENA ROSE,0zO8yNnw5GQgutcIyXfGBY,54,PLAYA PRIVADA,Bayamón,Disculpa Amiga,Quererte Bonito,"La Ducha Remix (con Becky G, Tini)",El Hombre,La Ducha,Las estrellas / Si tu me love me,Picachu,FLASHBACK (feat. ELENA ROSE)
Emilee,4ArPQ1Opcksbbf3CPwEjWE,60,i love you baby,Heaven,BEAUTIFUL BOY,Feels Like a Dream,Hide,still the one,Falling,Love Seems Too Hard,How It Goes,High Hopes
Emilia,0AqlFI0tz2DsEoJlKSIiT9,79,Los del Espacio,No_se_ve.mp3,En La Intimidad | CROSSOVER #1,Jagger.mp3,Uno los Dos,como si no importara,intoxicao,Quieres,cuatro veinte,Guerrero.mp3
Encanto - Elenco,52l7jN5e0g2n3IVOHulkA6,50,No se habla de Bruno,La familia Madrigal,Não Falamos do Bruno,Família Madrigal,Solo tú,Vocês,A Família Madrigal,Não Falamos do Bruno,Todos Nós
Enrique Iglesias,7qG3b048QCHVRO5Pv1T5lw,77,Bailando - Spanish Version,Cuando Me Enamoro,El Perdón (with Enrique Iglesias),SUBEME LA RADIO,DUELE EL CORAZON,El Perdedor,Hero,Loco,I Like It,Tonight (I'm Fuckin' You)
Evaluna Montaner,52qzWdNUp6ebjcNsvgZSiC,62,If The World Was Ending - Spanglish Version,Índigo,Por Primera Vez,Machu Picchu,Aunque No Sea Conmigo,Me Liberé,Por Primera Vez - En Vivo Desde La Puerta de Alcalá,Uno Más Uno,Refugio,Ladrona (feat. Carolina Mestrovic)
Farina,7cYik4OyfBXYV5Z2TI7p90,56,Bendecido,Trakatá,Soy Mamá (Remix),Las Nenas (feat. La Duraca),Whoppa (feat. Sofia Reyes and Farina),"Perras Como Tú - From the Motion Picture ""Miss Bala""",Cuanto,A Fuego,Pa Que Me Cu,Pum Pum - Remix
Farruko,329e4yvIujISKGKz1BZZbO,83,Pepas,Diles,Esta Vida,On My Way,Si Se Da - Remix,Calma - Remix,Fantasias,Passion Whine,Si Me Dices Que Sí,Chillax (feat. Ky-Mani Marley)
Fatman Scoop,15GGbJKqC6w0VYyAJtjej6,58,"Pro Freak (with Doechii, Fatman Scoop)",Be Faithful,No L's,It Takes Scoop (feat. DJ Kool),Swing Um,Let's Ride (feat. Chingy),Got It - Fatman Scoop Remix,Call Me King Kong B!T%H!!!,Sunrise,Push The Feeling - Radio Mix
Feid,2LRoIwlKmHjgvigdNGBHNo,92,Classy 101,Yandel 150,Hey Mor,El Cielo,Feliz Cumpleaños Ferxxo,CHORRITO PA LAS ANIMAS,Normal,Niña Bonita,LA INOCENTE,POLARIS - Remix
Felipe Betancur,7ph0AoUrfF8rKI5k55Dl7Z,22,Puro Flow
FMK,0dUyjgCyjfj5eMx6bX2TWf,78,Los del Espacio,Un Finde | CROSSOVER #2,Perfecta (Versión 2023),Tranquila,BANDIDO,Prende la Cámara RMX,Aunque Ya No Estés Aquí,AYNEA REMIX,Hoy Volvi a Verte - Remix,YO SE QUE TU (feat. Rusherking)
G.O Kings Bred,7fiP6lgxb6HlZcq8gDYCmE,51,"Sunflower (Remix) [with Swae Lee, Nicky Jam, and Prince Royce]",Finas,Trap Beast,Ghost,Doble Up,Sunflowe,Icon,Last Time,Dedication,Goin Bad
Gelo Arango,1IDFD0FecyWg2rjm5iNcZo,46,Fénix,Depredador,Desilusión,Reflejo - Versión de Yeimy,De Donde Vengo,Nueva Vida,Lado Oscuro,Amor Imposible - Versión de Yeimy,Injusticia,Perdóname - Versión de Yeimy
GIMS,0GOx72r5AAEKRGQFn3xqXK,72,"MIRAGE (feat. Ozuna, GIMS & Sfera Ebbasta)",Est-ce que tu m'aimes ? - Pilule bleue,Best life,Hola Señorita,Arhbo [Music from the FIFA World Cup Qatar 2022 Official Soundtrack],J'me tire,Bella,Sapés comme jamais (feat. Niska) - Pilule bleue,APRÈS-VOUS MADAME,La même
Greeicy,5dbaLmK5SHLLg8Z4CcTJpX,68,Esta Noche,Destino,Mi Pecadito,Amantes,22,Los Besos,Más Fuerte,2005,Los Consejos,Lejos Conmigo
Grupo Frontera,6XkjpgcEsYab502Vr1bBeW,86,un x100to,Frágil,Que Vuelvas,Bebe Dame,No Se Va - En Vivo,Di Que Sí,911 - En Vivo,Le Va Doler,Quedate Conmigo,Vete
Guaynaa,0BqURncJM5B1BBu7UM51eq,66,Chica Ideal,Se Te Nota (with Guaynaa),Tra Tra Tra Remix - Remix,Abajito,Rebota,De Party En Party,Cumbia A La Gente,Chicharrón,Imposible Amor,Rebota - Remix
Guita,0LEqiMyg7tH6JV2afcxyVd,46,Mi Destino,Fijación,Siete Vidas,Reflejo - Remix,Que Arda el Fuego,Ruptura,Alma,Fénix - Remix,Alma - Remix,Furia - Remix
Gus,3tQrRoZiGXR5uMkaCYf8S4,43,una luz,negra,pa' que sueñes,el jardinero,frío,cuarto pa' las doce,Cielito Azul,creo que todo estará bien,pa’ que te rías,nadie más
Hernan Dario Ramirez Mejia,5FaLqNNsScxgqvtmAdl3xl,30,Beligerante,Bella Dama,Perdóname - Versión de Chris Vega,Bella Dama (Trap),Descreste
Horacio Palencia,7arK8QUX7X61NIkChn9no2,57,Resistiré,Cuidare De Ti,Salud Por Eso,Traviesa,¿Qué Pensabas?,Por Ejemplo - Versión Banda,Con Ojos de Amor,Tu Ex-Novio,Bienvenida,Mi Error Favorito
Ingratax,62YF0FglEltB3CnVIjoko8,60,París,AMNESIA,Nasty Girl (feat. Ingratax),APAGAITA,Un Chingazo,Las de Octubre,Medio Crazy Remix,EN EL GHETTO #1 (PPPP),Noche en LA,OYE MI VIDA
Isabela Merced,2bIxak1AAD8wlDfMLnumUj,49,My Only One (No Hay Nadie Más),PAPI,I'll Stay - from Instant Family,Don't Go,Fearless (from Spirit Untamed),lovin kind,Better With You,Lista De Espera,chocolate,Join Up
J Balvin,1vyhD5VmyZ7KMfW5gqLgo5,86,LA CANCIÓN,No Me Conoce - Remix,Mi Gente,UN PESO,QUE PRETENDES,I Like It,Qué Más Pues?,Baila Baila Baila - Remix,UN DIA (ONE DAY),X
Jaime Serna,6YjFXthOIczdMzgJT0S0Fs,22,Puro Flow
Jason Derulo,07YZf4WDAMNwqr4jfgOZ8y,78,Acapulco,Savage Love (Laxed - Siren Beat),Take You Dancing,Want to Want Me,Whatcha Say,Swalla (feat. Nicki Minaj & Ty Dolla $ign),Talk Dirty (feat. 2 Chainz),"1, 2, 3 (feat. Jason Derulo & De La Ghetto)",It Girl,Ridin' Solo
Jennifer Lopez,2DlGxzQSjYe5N6G9nkYghR,75,On The Floor,Let's Get Loud,Jenny from the Block (feat. Jadakiss & Styles P.) - Track Masters Remix,On The Floor - Radio Edit,El Ultimo Adiós - Varios Artistas Version,Ain't Your Mama,Waiting for Tonight,Love Don't Cost a Thing,I'm Real (feat. Ja Rule) - Murder Remix,Get Right
Jesse & Joy,1mX1TWKpNxDSAH16LgDfiR,74,Dueles,Te Esperé,¡Corre!,La De La Mala Suerte,3 A.M.,Llorar (feat. Mario Domm),"Y, ¿Si Fuera Ella? - + Es +",Ecos De Amor,Espacio sideral,Me Soltaste
Jhayco,6nVcHLIgY5pE2YCl8ubca1,82,DÁKITI,No Me Conoce - Remix,Mami Chula,Tarot,Corazón Roto - Remix,RoCKSTAR 2.0,MEMORIAS,CÓMO SE SIENTE - Remix,FANTASMA | AVC,512
Joey Montana,3ATyg4fGC9F8trfb0GRWmX,58,Picky,Suena El Dembow,La Melodía,Desesperado (Voy A Tomar),Único,Moribundo,Tus Ojos No Me Ven,Rosas O Espinas - Remix,Picky - Remix,Tus Ojos No Me Ven - feat. Joewell y Randy
John Legend,5y2Xq6xcjJb2jVM54GHK3t,75,All of Me,On Time (with John Legend),Minefields,Beauty and the Beast,Wonder Woman,Ordinary People,Conversations in the Dark,Nervous,In My Mind,"GOD DID (feat. Rick Ross, Lil Wayne, Jay-Z, John Legend & Fridayy)"
Jonas Brothers,7gOdHgIoIKoe4i9Tta6qdD,77,Leave Before You Love Me (with Jonas Brothers),Waffle House,Sucker,Summer Baby,What A Man Gotta Do,Only Human,Wings,Burnin' Up,Year 3000,Montana Sky
Joss Favela,0EocQPg9ycs21gcvaVm9hh,58,Me Hubieras Dicho,Cuando Fuimos Nada,La Bailadora,La Magia de Tus Ojos,¿Quién Pierde Más? - Versión Acústica,El Alumno,La Magia de Tus Ojos - Versión Pop,Gato de Madrugada,La Bailadora,Si Todo Se Acaba
JP Saxe,66W9LaWS0DPdL7Sz8iYGYe,66,If the World Was Ending (feat. Julia Michaels),A Little Bit Yours,Everything Ends (feat. Lizzy McAlpine and Tiny Habits),"Hey Stupid, I Love You",I Don't Miss You,The Few Things (With Charlotte Lawrence),Line By Line (feat. Maren Morris),Maybe Don't (feat. JP Saxe),Moderación (Con Camilo),When You Think Of Me
Juan C. Triana,41dH1Ns4FMGpjoruoPbjTQ,38,Paz y Tranquilidad,Colombian Style,Otra Oportunidad,Estamos Perdiendo el Tiempo - Remix,Una Nueva Vida - Remix,Amor Imposible - Remix,Reencuentro - Remix,Vuelvo a Ti,Colombian Style - En Vivo,Más Allá de la Penumbra - Remix
Juan Magan,1ackd5XprZEkH3McKbQD51,68,Bailando por Ahi,Por Fin Te Encontré,Bum Bum Tam Tam,No Sigue Modas Aka Ella No Sigue Modas,Verano Azul,Si No Te Quisiera,Mal De Amores,He Llorado (Como Un Niño),La isla del amor - Remix,Déjate Llevar
Juanes,0UWZUmn7sybxMCqrw9tGa7,75,Es Por Ti,Besos En Guerra,1-800-273-8255,La Camisa Negra,506,A Dios Le Pido,Nada Valgo Sin Tu Amor,"Y, ¿Si Fuera Ella? - + Es +",Volverte A Ver,Fotografía
Juanka,3Wb38LDP3N4tkobValgE9D,67,MADRID,No Somos Iguales,Blin Blin,La Single,La Jeepeta,Quítate la Ropa,Tamo Chelo - Remix,Quien Va a Frontiar - Remix,2seater,Si Me Toca
Juhn,2LmcxBak1alK1bf7d1beTr,69,Bandido,Ella - Remix,Recuerdos - Remix,Fragancia,Recuerdos,enemigos,Guilla de Crema,BICI,"Puerta Abierta (feat. Bad Bunny, Noriel)","Ahora Me Llama (Remix) [feat. Bryant Myers, Anonimus, Noriel, Brytiago & MikyWoodz]"
Juicy BAE,46K14JAfAHpxTSkb6KkFfN,46,SOLOS,La Última Vez,Susurrar,Malas Lenguas,YUCTON,Por Ti,Buena y Mala (feat. Negro Bates),DAMN,PLUTO BAE,7 Vidas (feat. PMP)
Julia Michaels,0ZED1XzwlLHW4ZaG4lOT6m,73,If the World Was Ending (feat. Julia Michaels),What A Time (feat. Niall Horan),Issues,Heaven,GONE,Hurt Somebody,I Miss You (feat. Julia Michaels),There's No Way (feat. Julia Michaels),17,Issues - Acoustic
Justin Quiles,14zUHaJZo1mnYtn6IBRaRP,79,Whiskey y Coco,Medallo,OJOS FERRARI,Wazap,Loco,PORFA,Cuaderno,LA HORA Y EL DÍA,La Esquina del Mall,Que Mas Pues - Remix
KAROL G,790FomKkXshlbRYZFtlgla,89,TQG,AMARGURA,PROVENZA,MIENTRAS ME CURO DEL CORA,X SI VOLVEMOS,CAIRO,MAMIII,GATÚBELA,Don't Be Shy,Tusa
Katalina,5A0VKjif7Iv5v8ZvmyQajc,15,Adios,Sacude
Kevin Bury,719A9QNZmkVRQ9SPMpcD89,32,Bellaquera,Alma - Remix,Furia - Remix,Cachondeo - Remix,El Pregón de los Aguacates,Pájaro Carpintero,Lo Que Ves Es Lo Que Hay,Un Mundo Feliz,No le crean
Kevin Lyttle,1GaBsp1ICIp1e6udgE7fba,60,Turn Me On,TMO (Turn Me On) [feat. Kevin Lyttle],Drive Me Crazy (feat. Mr. Easy),Last Drop (feat. Spragga Benz),TURN ME ON,Turn Me On,The Summer Is Magic,Slow Motion - Banx & Ranx Edit,Never Wanna Make U Cry,Bum Bum - Orue & Ordonez Radio Edit
Kewin Cosmos,1nf6gLEC45OmoJFIxU7aUT,47,Dile,La Vecina,100 X Hora,Sin Censura,Mentiras,Como Los 90's - Bachata Version,Solo Quise Quererte,Estado Decadente,Drama (Bachata Remix),Evidencias
KHEA,4m6ubhNsdwF4psNf3R8kwR,74,She Don't Give a Fo,PARA AMARTE A TI,Loca,Loca - Remix,Además de Mí - Remix,Cómo Le Digo,SIN CORAZÓN,NUNCA VOY SOLO,Ayer Me Llamó Mi Ex (feat. Lenny Santos),Dónde Estás
Kim Loaiza,1QivQCLVipV61DiQiyV14A,63,Devoto,Kitty,Me perdiste,Game Over,Fuego,Mejor Sola,LUNA,Despues De Las 12,Infieles,Pa' Eso Se Hizo
Kin1o,4mSxhskrhEcz1mZNVf1GWa,43,Maldita Mujer - Live Session,Porritos & Chill,Parchesito de Andén,Alma - Remix,Fotosíntesis,Furia - Remix,Cielo Roto,Cuando El Rio Suena,Brindo por Ellos,Rumba y Guaguancó
L-Gante,4YYxffPVDFe9XoqqbRW6Bq,67,"L-Gante: Bzrp Music Sessions, Vol.38",Bar,¿Y pa la Wacha Loca? (con Salastkbron) - Remix,L-Gante: RKT SESSIONS #1,El Plan,KU',El Último Romántico,Pistola Remix,TO LO DÍAS ES 420,Bandolera
La Duraca,7x7vfF89MqM94K8wvK3Omq,38
Lali,22P1OY4TRFRwhP0q29loQ8,65,Color Esperanza 2020,Obsesión,Yo Te Diré,N5,Quiénes Son?,Disciplina,Una Vez Más,2 Son 3,Cómprame un Brishito,Sola
Lalo Ebratt,1GAymyGBvB4gQy5Z5LZ1Wj,63,Amor A Primera Vista,Indeciso,Mocca,Fresa,Baby Girl (feat. Lalo Ebratt),Déjate Querer,La Presión,4 besos,Mocca - Remix,Hamaca
Lasso,3SCOuAxngTC1yGjKMcIPEd,67,Ojos Marrones,Ojos Marrones - Con Sebastián Yatra,Un Millón Como Tú,Hasta Ese Día,Odio Que No Te Odio,Subtítulos,Corriendo Con Tijeras,Julia,"De mí, de mí, de mí",Los Hombres Son Todos Iguales
Lenny Tavarez,1pQWsZQehhS4wavwh7Fnxd,77,Nena Maldición (feat. Lenny Tavárez),Hola - Remix,Toda - Remix,Medallo,Elegí (feat. Dímelo Flow),Mírame - Remix,"DJ No Pare (feat. Zion, Dalex, Lenny Tavárez) - Remix",Parce (feat. Justin Quiles),Ella - Remix,Percocet (Remix)
Leslie Grace,6BeO1KuAWBqFriL1mLHtNc,58,Color Esperanza 2020,Duro y Suave,Lo Siento,Díganle - Tainy Remix,Blackout,Carnaval Del Barrio,Benny's Dispatch,No Me Diga,Breathe (feat. Rubén Blades and Doreen Montalvo),Bachatica
Leslie Shaw,3bAPo06XsUX6fo8iHYUqH7,41,Estoy Soltera,Solterita De Oro,Faldita,Castigo,Volverte A Ver,Tal para Cual,Piscis,Contigo,Cerquita de Mí - Remix,sadchata :(
LiL CaKe,0niAkxgT6y57bRbT0Ge94z,68,MERCHO,Una Noche Loca,Para Ti (feat. Maikel Delacalle & Omar Varela),MALA,Star,Champagne Frances - Remix,U.S.A,MAR,To the Moon,MERCHO REMIX
LIT killah,1vqR17Iv8VFdzure1TAXEq,76,Los del Espacio,Entre Nosotros,Entre Nosotros (Remix) [con Nicki Nicole],La Trampa es Ley,Mala Mía,Kitty,Poco a Poco,En la Oscuridad,Necio (feat. LIT killah),Flexin'
Little Mix,3e7awlrlDSwF3iM0WBjGMp,74,Heartbreak Anthem (with David Guetta & Little Mix),Secret Love Song (feat. Jason Derulo),Black Magic,Shout Out to My Ex,Power,Love Me Like You,Woman Like Me (feat. Nicki Minaj),Love Me or Leave Me,Reggaetón Lento (Remix),Sweet Melody
Llane,7A02nc5WKMBLqSKXxGZ4o8,52,Obvio,Cuenta Conmigo (feat. Mozart La Para),Como Antes,Bendita,Fino,Parcerita,Será,Más De Ti,Alcancía,Amor Bailando
Lola Indigo,3bvfu2KAve4lPHrhEFDZna,74,EL TONTO,M.A - Remix,La Niña de la Escuela,CORAZONES ROTOS,DISCOTEKA,LA SANTA,Caramello,Tiki Tiki,High (Remix),Santería
Los Angeles Azules,0ZCO8oVkMj897cKgFH7fRW,75,Tú Y Tú,Nunca Es Suficiente,Otra Noche,Cómo Te Voy A Olvidar,El Listón De Tu Pelo,Amor A Primera Vista,17 Años,Entrega De Amor,20 Rosas,Mis Sentimientos
Los Legendarios,0n6sKrG0xKAf8xmdqeNGke,62,Fiel,Mi Niña,Buenos Días,Mari Mari,Tiempo,Me Siento Bien,Playita,Hey Shorty - Remix,Préndelo,Extraño
Lucy Vives,38J4nu5eGAEtwWH9fSWEj4,40,Besos en Cualquier Horario,Cenizas,KOGIMAN
Ludacris,3ipn9JLAPI5GUEo4y4jcoi,76,Act A Fool,My Chick Bad,What's Your Fantasy (Featuring Shawna),Move Bitch,How Low,Area Codes,Rollout (My Business),Money Maker,Blueberry Yum Yum,Get Back
Luis Fonsi,4V8Sr092TqfHkfAA5fXXqG,74,Despacito,Despacito - Remix,Échame La Culpa,El Ultimo Adiós - Varios Artistas Version,No Me Doy Por Vencido,Imposible,Tanto,Llegaste Tú,CORAZONES ROTOS,Corazón En La Maleta
Lunay,47MpMsUfWtgyIIBEFOr4FE,69,Soltera (Remix),Ella - Remix,Aventura,A Solas (Remix),Nuevo,Cuando Sera,TODO O NADA,La Cama (Remix),La Boca - Remix,La Cama
Lyanno,1Ts9of7VPZElwPQnqnDSfW,73,LOKERA,HASTA ABAJO,Nada,En Tu Cuerpo - Remix,A Solas (Remix),Tu Recuerdo,Que Somos,Público,Poderosa,SALVAJE
Madonna,6tbjWDEIzxoDsBA1FuhfPW,80,Popular (with Playboi Carti & Madonna) - Music from the HBO Original Series,VULGAR (with Madonna),Hung Up,Material Girl,La Isla Bonita,4 Minutes (feat. Justin Timberlake & Timbaland),Like a Prayer,Like a Virgin,Frozen,Vogue
Maluma,1r4hJ1h58CWwUQe3MxPuau,83,Hawái,COCO LOCO,Sobrio,Borro Cassette,Mojando Asientos (feat. Feid),11 PM,Felices los 4,"Diablo, Qué Chimba",La Fórmula,Junio
Mambo Kingz,2T1aUibqR2QC2sINIDQOAK,77,Mas Rica Que Ayer,Mejor Que Yo,Solita,La Ocasión,Me Mata,Verte Ir,Me Reclama,Sensualidad,Bubalu,Báilame - Remix
Manu Pilas,2TJHmhbmT7L3gw2NKyDTHh,51,Bella Ciao - Música Original de la Serie la Casa de Papel/ Money Heist,Bella Ciao - Versión Lenta de la Música Original de la Serie la Casa de Papel / Money Heist,Hakuna Matata,Bella Ciao - Versión Orquestal de la Música Original de la Serie la Casa de Papel | Money Heist,Es la noche del amor,Bella Ciao (Elyella Remix),Déjame soñar,Cómo le pongo freno al corazón,Dame tu sonrisa,La estrella inalcanzable
Manuel Turizo,0tmwSHipWxN12fsoLcFU3B,83,La Bachata,El Merengue,VAGABUNDO,Los Cachos,Quiéreme Mientras Se Pueda,Una Lady Como Tú,Desconocidos,La Nota,Culpables,Una Vaina Loca
Marc Anthony,4wLXwxDeWQ8mtUIRPxGiD6,76,Vivir Mi Vida,La Fórmula,Flor Pálida,Tu Amor Me Hace Bien - Salsa Version,De Vuelta Pa' La Vuelta,Valió la Pena - Salsa Version,Vivir lo nuestro (salsa),Qué Precio Tiene el Cielo - Salsa Version,Y Hubo Alguien,Ahora Quien - Salsa Version
Marc Segui,5FQ8tBUtIamA2hRtatrYUF,65,Tiroteo - Remix,Tiroteo,360,Agua Salada,5 estrellas,La Culpa,Si nos vamos,No queda na,Haciendo na,siemprequieroloquenotengo
Marco Mares,5Eg5ZoZgXAa1Eit48sxoKQ,49,Pa Quererte,Soñé Contigo,No Sé Decirte No,Flaquita,La Ola,Bonito,tiempo,Recuérdame,estamos bien,amable
Maria Becerra,1DxLCyH42yaHKGK3cl5bvG,83,Los del Espacio,ADIÓS,Miénteme,Qué Más Pues?,Te Cura,CORAZÓN VACÍO,Perfecta (Versión 2023),AUTOMÁTICO,Entre Nosotros (Remix) [con Nicki Nicole],Amigos (con Maria Becerra)
Mariah Angeliq,0KKUc4amZyvswV2YL6WTar,64,EL MAKINON,Perreito,ANACONDA *o* ~~~,Socadona,"Ciclone (feat. Elodie, Mariah, Gipsy Kings, Nicolás Reyes, Tonino Baliardo)",DIVA,Hasta Abajo - Remix,Bandido,Taxi,BOBO
Mariana Gomez,3KM7Awm5GI3R4cKb0U5thK,42,Mentiroso,Me Tomas en Serio,Calentura,Mentiroso - Remix,Mutación,Encantador de Serpientes,Alma - Remix,Más Allá de la Penumbra,Furia - Remix,Calentura - Remix
Marshmello,64KEffDW9EtZ1y2vBYgq8T,83,El Merengue,Leave Before You Love Me (with Jonas Brothers),Happier,Numb,Silence,Esta Vida,Wolves,Come & Go (with Marshmello),Fell In Love,FRIENDS
Matisse,77aLk6J8ofnVxa1eXK9jiU,66,Como Lo Hice Yo,Eres Tú,Un Nuevo Amor,Más Que Amigos,Ando Bien Agusto,Te Vale Madre,Más Muerto Que Vivo,Primer Avión,Imposible Amor,Acuérdate de Mí
Mau y Ricky,2wkoKEfS6dXwThbyTnZWFU,71,Llorar y Llorar - con Carin Leon,Desconocidos,"Manos Frías (con Reik, Beéle)",Ya No Tiene Novio,Color Esperanza 2020,La Boca,Mal Acostumbrao - con Maria Becerra,Prende la Cámara RMX,"Mi Mala (feat. Becky G, Leslie Grace & Lali) - Remix",Miami
MAX,1bqxdqvUtPWZri43cKHac8,67,IT'S YOU (feat. keshi),Butterflies,Blueberry Eyes (feat. SUGA of BTS),Lights Down Low,Burn It (feat. MAX),Love Me Less (feat. Quinn XCII),Take Over,Worst Day,Checklist (feat. Chromeo),IT'S YOU (feat. keshi) - Stripped Version
Melissa Robles,03Qx159jmT9mvmw5YjzvAs,57,Un Viaje a Todas Partes,Niña Bonita,Como éramos antes,La Malquerida,Tú,Tú,La Banqueta,Mi Lado Más Frío,Ahí Voy a Estar (De Canciones y Otras Verdades) [Live],Sleep Song
Micro TDH,1aWJsBQa67l72j1VT3D6Ow,70,Te Vi,CSIpher (audio latino),Cafuné,Besame Sin Sentir,De Nada - Remix,Dime Cuantas Veces,Confianza,Bésame Bonito (Micro TDH Remix),Bésame Bonito - Micro TDH Remix,NEGRO MATE
Migrantes,48R2gYdPKtfnfKAzhSVPUx,70,MERCHO,Si Me Tomo Una Cerveza,Vikingos,Hoy Volvi a Verte - Remix,Si Me Tomo una Cerveza - Remix,Noche de Party,Nuestro Amor Regresa,Cumbia Vieja,Superclásico,Lado Triste - Remix
Mike Bahia,1phfTBIocBW3UwqcYjaEN6,68,Esta Noche,Detente,Corazón,De Qué Manera,Mi Pecadito,Serenata,El Egoísmo,Buscándote,La Falta,La Vida
Milo j,19HM5j0ULGSmEoRcrSe5x3,77,Rara Vez,DISPARA ***,AL BORDE,Milagrosa,MORNING,El Bolero,Morocha,FLA,Tus Vueltas,NUNCA VOY SOLO
Mora,0Q8NcsJwoCbZOHHW63su5S,83,LA INOCENTE,MEMORIAS,RÁPIDO,Volando - Remix,Una Vez,Tuyo,MODELITO,512,Ansiedades,DOMINGO DE BOTE
Morat,5C4PDR4LnhZTbVnKWXuDKD,82,No Se Va,Cuando Nadie Ve,Besos En Guerra,Salir Con Vida,Debí Suponerlo,506,Segundos Platos,Porfa no te vayas,París,Cómo Te Atreves
Mozart La Para,0odliLZMTk45CEVzF3Zocl,52,Mujeres,Pa toda la vida (feat. Mozart La Para),BRINQUEN - REMIX,Kalma,"Mujeres (Mozart La Para, Justin Quiles, Farruko, Jowell & Randy) - Remix",Frenesí,12 A 12,Bye Bye,LENTO (with Sean Paul & Mozart La Para feat. Cazzu),Voy Pa la Calle
Mr. Vegas,1pmixngtBJleMrGUG5o8DE,55,Heads High,The Voices Of Sweet Jamaica - All Star Remix,Bruk It Down,Gallis,I Am Blessed,Certain Law,So High,Top Shotter,Hot Fuk / Hot Wuk,Hot Fuk (Album Version)
MYA,5Rj6rNR8zIlUUDCs1OyPmW,60,2:50 Remix,MYA LIVE P2: Corazón Guerrero,BB,MAL DE AMOR,Yo No Te Pido la Luna,Te Olvidaré,MYA LIVE P1: Chanel de Coco,Legendaria,BIKINI,2:50
Myke Towers,7iK8PXO48WeuP03g8YR51W,86,El Cielo,PLAYA DEL INGLÉS,La Curiosidad,Pareja Del Año,Piensan,LALA,AGUARDIENTE,Whiskey y Coco,Si Se Da - Remix,Caramelo - Remix
Nacho,2ayNSoKPCRAfjp6hQ76hRu,63,Báilame - Remix,Destino,Báilame,Te Quiero Más,Cristina (feat. Shelow Shaq),Alguien Robo,Te Quiero Ver,Déjalo,Olha A Explosão - Remix,Kung Fu
NATTI NATASHA,1GDbiv3spRmZ1XdM1jQbT7,73,Criminal,Sin Pijama,La Mejor Versión de Mi - Remix,Mayor Que Usted,"DJ No Pare (feat. Zion, Dalex, Lenny Tavárez) - Remix",Ram Pam Pam,ALGARETE,No Me Acuerdo,En Bajita,Soy Mia
Nego do Borel,1B0Rp4SWGnFgGCPU5Pju6E,55,Você Partiu Meu Coração (feat. Anitta & Wesley Safadão),Sensacional (feat. Cacife Clandestino & MC Kevin o Chris),Princesa - Ao Vivo,Me Solta,Não Me Deixe Sozinho,Esqueci Como Namora (feat. Maiara & Maraisa),Contatinho (feat. Luan Santana),Rajadão de Fé (feat. N2 Beats),Vida de Bacana,Os Cara do Momento
Nicki Minaj,0hCNtLu0JehylgoiP8L4Gh,86,Princess Diana (with Nicki Minaj),Barbie World (with Aqua) [From Barbie The Album],Starships,Super Freaky Girl,Beauty And A Beat,Bang Bang,Tusa,Super Bass,Red Ruby Da Sleeze,Alone (with Nicki Minaj)
Nicki Nicole,2UZIAOlrnyZmyzt1nuXr9y,80,Marisola - Remix,DISPARA ***,qué le pasa conmigo?,8 AM,Por las Noches - Remix,Otra Noche,Entre Nosotros (Remix) [con Nicki Nicole],CAEN LAS ESTRELLAS,Mamichula - con Nicki Nicole,Formentera
Nicky Jam,1SupJlEpv7RS2tPNRaHViT,81,69,El Perdón (with Enrique Iglesias),X,Bella y Sensual,Hasta el Amanecer,Cuaderno,En La Cama (feat. Daddy Yankee),Donde Estan las Gatas,El Amante,Poblado - Remix
Nico Valdi,0uxYECT7XqHNccQAg5Uhe4,69,Noche de Party,Nuestro Amor Regresa,Nico Valdi Produciendo a Rochy,Nico Valdi produciendo a Juli Martorell,Lado Triste,Hoja en Blanco,No Bailo Pa Ti,Cerrá Bien,Se Me Antoja,Nico Valdi produciendo a Valentino
Nio Garcia,5hdhHgpxyniooUiQVaPxQ0,72,Te Boté - Remix,La Jeepeta - Remix,AM Remix,Mírame - Remix,Te Boté,Rolls-Royce,Cumbia,AM,Yeska - Remix,Travesuras - Remix
Olga Lucia Vives,1xtEM6Ynrm8jO1o7rXzP22,50,No se habla de Bruno,La familia Madrigal,Inspiración,Un regalo mágico,Solo tú
Omega,1UjxAZqzphB1tsMb1aWBj0,67,Arranca (feat. Omega),Si Te Vas / Que Tengo Que Hacer - Original Remix,Estrellita De Madrugada - Original 2022 Remaster (Ft. Daddy Yankee),"Tu Si Quieres, Tu No Quieres",Pegao / Me Miro y La Mire - TikTok Hit,Dandole - Remix,Merengue Electronico (Rompe Consola),Fariseo (Dicen Por Ahi) - Radio Edit,Si Te Vas / Que Tengo Que Hacer - Italian Remix by Cuban Deejays,Festival De Caretas
OneRepublic,5Pwc4xIPtQLFEnJriah9YJ,83,I Ain't Worried,Counting Stars,Sunshine,Run,RUNAWAY,Apologize,Secrets,I Lived,Rescue Me,Lose Somebody
Ovy On The Drums,3m5qlPf2OkihLz3dRYnkPA,73,CAIRO,EL HECHIZO,SIN SEÑAL,Inolvidable,Tendencia Global,Miedito o Qué? (feat. KAROL G),CHAO BEBE,"Ryan Castro, Ovy On The Drums | Mission 16",VUELA,La Lá
Ozuna,1i8SpTcr7yvPOmcqrbnVXY,87,Hey Mor,Monotonía,"MIRAGE (feat. Ozuna, GIMS & Sfera Ebbasta)",Diles,"Taki Taki (with Selena Gomez, Ozuna & Cardi B)",Se Preparó,"SG (with Ozuna, Megan Thee Stallion & LISA of BLACKPINK)",Vaina Loca,Adicto (with Anuel AA & Ozuna),Baila Baila Baila - Remix
Pablo Alboran,5M9Bb4adKAgrOFOhc05Y50,73,Saturno,Amigos (con Maria Becerra),Dónde está el amor (feat. Jesse & Joy),El Mismo Aire - con Pablo Alborán,Solamente tú,"Y, ¿Si Fuera Ella? - + Es +",Rayando el Sol (feat. Pablo Alborán),Contigo,Pasos de cero,Amigos (con Maria Becerra) - Bachata
Papayo,5F2Bwl7Is7KVwTbNbMclIS,45,YAYO,Quiero Vacilar,Quiero Vacilar - Remix,Me Fascina,Ay Amor,Pegao,Hasta La Mañana,Así Me Gusta,No Fui Yo,Te Falle Te Menti
Pedro Capo,4QVBYiagIaa6ZGSPMbybpy,70,La Fiesta,Calma - Remix,Tutu,Color Esperanza 2020,Tutu - Remix,Perdiendo la Cabeza,Calma,Casualidad,Una Vez Más,Buena Suerte
Piso 21,4bw2Am3p9ji3mYsXNXtQcd,75,Los Cachos,Te Vi,Déjala Que Vuelva (feat. Manuel Turizo),Pa' Olvidarme De Ella,Te Amo,Puntos Suspensivos,Me Llamas (feat. Maluma) - Remix,Felices Perdidos,Tan Bonita,Una Vida Para Recordar
Pitbull,0TnOYISbd1XYRBk9myaseg,82,"Give Me Everything (feat. Ne-Yo, Afrojack & Nayer)",Timber (feat. Ke$ha),Time of Our Lives,Feel This Moment (feat. Christina Aguilera),Hotel Room Service,International Love (feat. Chris Brown),Fireball (feat. John Ryan),I Know You Want Me (Calle Ocho),Hey Baby (Drop It to the Floor) (feat. T-Pain),We Are One (Ole Ola) [The Official 2014 FIFA World Cup Song] (feat. Jennifer Lopez & Claudia Leitte)
Pitizion,0GWdY55YF6xzN5L1A0X8nq,50,SÚBEME EL VOLUMEN,Ella - Remix De Ellas,Ella,Canción De Amor,Nadie Me Vuelve A Joder,Gracias A Ti,No Pasa Nada,Tu Última Canción,Sin Decir Adiós,Un Ex y un No
Pj Sin Suela,0AdjzZxHJ4MfbImx2rD0Df,54,¿Cual Es Tu Plan?,Cuenta Conmigo (feat. Mozart La Para),Dejanos Pasar,Acho Puñeta - Reggae Remix,SIN PLANES,Por Ti,Aquí Estoy,Caele Al Party,Live This One,Agua
Play-N-Skillz,7MP4jhYmFEgb0AtiOkw55s,54,Azukita,El Teke Teke,Lo Siento,Bésame,Baila Así (feat. Chiquis),Scarface,"Si Una Vez (feat. Wisin, Frankie J & Leslie Grace) - If I Once",SWING,"DALE CINTURA (Kuliki) (feat. Steve Aoki, Kiko El Crazy & Toño Rosario)",Tranki
Pol Granch,1aMt4A5jrQHxDYyC7rXgV0,65,Tiroteo - Remix,Tiroteo,solo x ti,No Pegamos,Chocolatito,Platicamos,Lüky Charm,"No Te Bastó, Mi Corazón",Tengo Que Calmarme,En Llamas
Post Malone,246dkjvS1zLTtiykXe5h60,88,Sunflower - Spider-Man: Into the Spider-Verse,Chemical,Circles,I Like You (A Happier Song) (with Doja Cat),rockstar (feat. 21 Savage),Mourning,Congratulations,Wow.,Better Now,One Right Now (with The Weeknd)
Prince Royce,3MHaV05u0io8fQbZ2XPtlC,75,Rechazame,Corazón Sin Cara,Darte un Beso,Deja vu,Sensualidad,Bubalu,Color Esperanza 2020,"Sunflower (Remix) [with Swae Lee, Nicky Jam, and Prince Royce]",Carita de Inocente (feat. Myke Towers) - Remix,Te Espero
Ptazeta,5UN0rzL594mWY2RbOtZqIN,60,Quieres,"Ptazeta: Bzrp Music Sessions, Vol. 45",Tiki Tiki,Trakatá,Mami,#RapSinCorte L,Mujerón,La Respuesta,Ella Remix (feat. alPeDue),Tengo To
Rauw Alejandro,1mcTU81TzQhprhouKaTkpq,89,BESO,"Rauw Alejandro: Bzrp Music Sessions, Vol. 56",LOKERA,Desesperados,Te Felicito,Todo De Ti,PUNTO 40,Party,BABY HELLO,Tiroteo - Remix
Rayvanny,7G9dCn1mqomAa0ucJoBm6J,53,Tetema (feat. Diamond Platnumz),Mapopo - Remix,Finesse (East African Mix) - feat. Rayvanny & Theecember,Alo Alo,Nitongoze (feat. Diamond Platnumz),Maan Meri Jaan (African Version),Number One (feat. Zuchu),I Miss You (feat. Zuchu),By Your Side,Tetema - Remix
Reik,0vR2qb8m9WHeZ5ByCbimq2,78,Creo en Ti,Ya Me Enteré,Yo Quisiera,Un Año,"Manos Frías (con Reik, Beéle)",Noviembre Sin Ti,Los Tragos,Me Niego (feat. Ozuna & Wisin),Amigos Con Derechos,5 Estrellas
Rels B,2IMZYfNi21MGqxopj9fWx8,81,cómo dormiste?,A Mí,qué le pasa conmigo?,lo que hay x aquí,Sin Gato (MIAU!),pa quererte,Me Gustas Natural,Mi Luz (ft. Rels B),La Última Canción,Como Antes
Rema,46pWGuE3dSwY3bMMXGBvVS,80,Calm Down (with Selena Gomez),Calm Down,"Soweto (with Don Toliver, Rema & Tempoe)",Charm,Soundgasm,Holiday,Dumebi,"Soweto - Sped Up (with Don Toliver, Rema & Tempoe)",Fame - A COLORS ENCORE,Hide & Seek - Rema Remix
Residente,5GcWBUX00IPuWVGMIRK1sS,60,"Residente: Bzrp Music Sessions, Vol. 49",René,Bellacoso,Rap Bruto,Flow HP,Desencuentro (feat. Soko),This is Not America (feat. Ibeyi),Pecador,La Cátedra,Antes Que el Mundo Se Acabe
Ricardo Montaner,4uoz4FUMvpeyGClFTTDBsD,68,El Ultimo Adiós - Varios Artistas Version,Tan enamorados,Bésame,Tan Enamorados,Me va a extrañar (aka Unchain My Heart),Aunque Ahora Estés Con El,La Gloria de Dios (feat. Evaluna Montaner),Yo No Fumo,Déjame llorar,Te Adoraré
Ricky Martin,7slfeZO9LsJbWgpkIoXBUJ,72,Livin' la Vida Loca,Vente Pa' Ca (feat. Maluma),El Ultimo Adiós - Varios Artistas Version,Canción Bonita,Vuelve,La Mordidita (feat. Yotuel),Tu Recuerdo (feat. La Mari De Chambao & Tommy Torres) - MTV Unplugged Version,"Te Extraño, Te Olvido, Te Amo",María,Tal Vez
Rochy RD,4riOEaOW5hCeqomFDBk0aP,63,Ella No Es Tuya - Remix,Uva Bombom,LOS POBRES Y LOS RICOS,Los Illuminaty,Rapido,El Coba,Hay Santo,Ay Si Ñiño (Remix),Mi Flaca - Remix,Alta Gama
Romeo Santos,5lwmRuXgjX8xIwlnauTZIP,82,X SI VOLVEMOS,Propuesta Indecente,Ella Quiere Beber - Remix,Eres Mía,Imitadora,Sobredosis (feat. Ozuna),El Pañuelo,Necio (feat. Carlos Santana),Odio (feat. Drake),SIRI
ROSALIA,7ltDVBr6mKbRvohxheJ9h1,84,BESO,DESPECHÁ,TUYA,Besos Moja2,LA NOCHE DE ANOCHE,LLYLM,LA FAMA,VAMPIROS,Con Altura,BIZCOCHITO
Rusherking,3Apb2lGmGJaBmr0TTBJvIZ,76,Los del Espacio,Quiero Creer,Perfecta,Además de Mí - Remix,De Nada - Remix,Antes de Ti,BANDIDO,INTENSIDAD,A Mi Lado,Te Mentiría Remix
Rvssian,1fctva4kpRbg2k3v7kwRuS,68,Nostálgico,Mamma Mia,Si Tu Lo Dejas,Ring Ring (with Rvssian feat. Clever),Krippy Kush,Ponle,Privado,Soli (feat. Tiago PZK & Rvssian),Sex & Love,Verano
Ryan Castro,7j6DKwmjbxvpQO8h914uEz,74,Corazón Roto - Remix,Monastery,Malory,Jordan,Mujeriego,Ojitos Rojos - Remix,X 1 BESO,Wasa Wasa,Quien TV Remix,"Ryan Castro, Ovy On The Drums | Mission 16"
sangiovanni,7dL0nOHwnSAsNAwpkPSGWP,62,mariposas,LA FINE DEL MONDO,farfalle,malibu,lady,scossa,fluo,cielo dammi la luna,tutta la notte,perso nel buio (con Madame)
Santiago Montesdeoca,7vyGMLTySd09CrshPZLLQ7,22,Puro Flow
Sean Paul,3Isy6kedDrgPYoTS1dazA9,81,Niña Bonita,No Lie,Temperature,KÁRMIKA,Get Busy,Go Down Deh (feat. Shaggy and Sean Paul),She Doesn't Mind,Baby Boy (feat. Beyoncé ),I'm Still in Love with You (feat. Sasha),Passion Whine
Sebastian Yatra,07YUOmWljBTXwIseAUd9TW,81,VAGABUNDO,Tacones Rojos,Pareja Del Año,Ojos Marrones - Remix,Robarte un Beso,Una Noche Sin Pensar,No Hay Nadie Más,Traicionera,Un Año,Ojos Marrones - Con Sebastián Yatra
Sech,77ziqFxp5gaInVrF2lj4ht,80,Volando - Remix,En La De Ella,Ignorantes,TUS LÁGRIMAS,Porno,Quizas,Relación - Remix,Sigues Con El,911 (Remix),Otro Trago
Selena Gomez,0C8ZW7ezQVs4URX5aX7Kqx,83,Calm Down (with Selena Gomez),Lose You To Love Me,"Taki Taki (with Selena Gomez, Ozuna & Cardi B)",It Ain’t Me (with Selena Gomez),Wolves,People You Know,Back To You - From 13 Reasons Why – Season 2 Soundtrack,Ice Cream (with Selena Gomez),Let Somebody Go,The Heart Wants What It Wants
Shakira,0EmeFodog0BfCgMzAIvKQp,88,TQG,"Shakira: Bzrp Music Sessions, Vol. 53",Acróstico,Hips Don't Lie (feat. Wyclef Jean),Monotonía,Te Felicito,"Whenever, Wherever",Waka Waka (This Time for Africa) [The Official 2010 FIFA World Cup (TM) Song] (feat. Freshlyground),Dia de Enero,DON'T YOU WORRY
Shawn Mendes,7n2wHs1TKAczGzO7Dd2rGr,83,There's Nothing Holdin' Me Back,Treat You Better,Señorita,Stitches,Mercy,When You're Gone,If I Can't Have You,Summer of Love (Shawn Mendes & Tainy),Wonder,It'll Be Okay
Sia,5WUlDfRSoLAfcVSX1WnrxN,83,Unstoppable,Dusk Till Dawn (feat. Sia) - Radio Edit,Chandelier,Cheap Thrills,"Genius (feat. Sia, Diplo, and Labrinth)",Elastic Heart,Cheap Thrills (feat. Sean Paul),Unstoppable - R3HAB Remix,Snowman,The Greatest
Sky Rompiendo,51XrH5fQP2oIQynuKxSWcW,73,El Cielo,Ponte Pa' Mi,CHIMBITA,RELXJXTE,Uno De Eses Gatos,FRESH KERIAS,A Vapor,Verde,Ginza - Remix,Le Creo
Snova,5oOyEfGd8NxAKA41zGQhoj,42,Que te Enamore,Latina Sabrosa,Rockstar (Spanish Version),El Que Come Callao,conmigo,Pasemos el Rato,Baby,Ella Me Dice,Persona a Persona - Remix,Caco E ñma
Snow Tha Product,3p3jPcp8b7WL9XYj4xlsWj,62,"Snow Tha Product: Bzrp Music Sessions, Vol. 39",TE ALEJASTE,Joder,Que Oso,Piña,Ultimate (ft. Snow Tha Product),Te Va a Gustar,PEGAO,Tengo To,Bájala
Sofia Reyes,0haZhu4fFKt0Ag94kZDiz2,69,How You Samba,"1, 2, 3 (feat. Jason Derulo & De La Ghetto)",tqum,Marte,¿Qué Ha Pasao'?,Dancing On Dangerous,Mal de Amores,Lo siento (feat. Sofía Reyes),Casualidad,El Wey
Swae Lee,1zNqQNIdeOUZHb8zbZRFMX,83,Sunflower - Spider-Man: Into the Spider-Verse,"Calling (Spider-Man: Across the Spider-Verse) (Metro Boomin & Swae Lee, NAV, feat. A Boogie Wit da Hoodie)","Annihilate (Spider-Man: Across the Spider-Verse) (Metro Boomin & Swae Lee, Lil Wayne, Offset)",Unforgettable,ROXANNE - Remix,Be Like That - feat. Swae Lee & Khalid,Arms Around You (feat. Maluma & Swae Lee),"Sunflower (Remix) [with Swae Lee, Nicky Jam, and Prince Royce]",Won't Be Late (feat. Drake),Hopeless Romantic (feat. Swae Lee)
TAICHU,3ou3XMRNmyDSy6gnC1bSgN,51,PRESIÓN,TOLKIN YIT,Water,NOCHE DE SATEO,GABBANA,PAYDAY,TOP,TU SI K TA LOKO,FASHION DILLER,Hi-C
Tainy,0GM7qgcRCORpGnfcN2tCiB,76,Callaita,Lo Siento BB:/ (with Bad Bunny & Julieta Venegas),Summer of Love (Shawn Mendes & Tainy),FANTASMA | AVC,Adicto (with Anuel AA & Ozuna),UN DIA (ONE DAY),Pensándote,LA BABY,Imaginaste,To My Love - Tainy Remix
Thalia,23wEWD21D4TPYiJugoXmYb,68,El Ultimo Adiós - Varios Artistas Version,Color Esperanza 2020,No Me Acuerdo,Desde Esa Noche (feat. Maluma),No Me Enseñaste,"No, No, No",Te Perdiste Mi Amor (feat. Prince Royce),Estoy Enamorado (with Pedro Capó) - Live Version,A Quien Le Importa,Piel Morena
The Rudeboyz,7ciBW1p3KBsYIkFk4UmwS8,58,LOS CULOS DE MEDALLO,Ojalá,Hace Tiempo,RUDEBOYZ,OTRO CHEKE,Dile la Verdad,No Te Equivoques,La Original,Macarena,DM - Remix
The Weeknd,1Xyo4u8uXC1ZmMpatF05PJ,95,Creepin' (with The Weeknd & 21 Savage),Die For You (with Ariana Grande) - Remix,Die For You,Starboy,Blinding Lights,Popular (with Playboi Carti & Madonna) - Music from the HBO Original Series,Reminder,Save Your Tears,Stargirl Interlude,I Was Never There
Tiago PZK,5Y3MV9DZ0d87NnVm56qSY1,80,Los del Espacio,Me Enteré,"Tiago PZK: Bzrp Music Sessions, Vol. 48",Entre Nosotros,Entre Nosotros (Remix) [con Nicki Nicole],PARA AMARTE A TI,Traductor,Como Yo :(,Que Se Parezca A Ti,Salimo de Noche
Tiesto,2o5jDhtHVPhrJdv3cEQ99Z,83,Lay Low,10:35,The Motto,Don't Be Shy,The Business,All Nighter,Hot In It,Another Love - Tiësto Remix,Jackie Chan,Chills (LA Hills)
TINI,7vXDAI8JwjW531ouMGbfcp,80,Cupido,Me Enteré,Miénteme,Por el Resto de Tu Vida,Muñecas,La Triple T,Consejo de Amor (feat. Morat),Bar,La Loto,Oye
Trueno,2x7PC78TmgqpEIjaGAZ0Oz,71,DUBAI,Mamichula - con Nicki Nicole,FEEL ME??,DANCE CRIP,Salimo de Noche,Los Aparatos,SOLO POR VOS,Rain,Hood - Remix,PANAMA
Will Smith,41qil2VaGbD194gaEcmmyx,66,Miami,Gettin' Jiggy Wit It,Friend Like Me,"Men In Black - From ""Men In Black"" Soundtrack",Arabian Nights (2019),Está Rico,Prince Ali,Hey Sexy Lady,Live It Up - Official Song 2018 FIFA World Cup Russia,Switch
Willy William,4RSyJzf7ef6Iu2rnLdabNq,66,Mi Gente,Trompeta,Mi Gente (feat. Beyoncé),Ego - Radio Edit,Enchanté (feat. Malik Harris & Minelli),"Mambo (feat. Sean Paul, El Alfa, Sfera Ebbasta & Play-N-Skillz)",Mi Gente - Homecoming Live,Mi Gente - Hugel Remix,Paris,Baila Conmigo - Willy William Remix
Wisin,3E6xrwgnVfYCrCs0ePERDz,75,MI EXXX,Fiel,Escápate Conmigo (feat. Ozuna),Nota de Amor (feat. Daddy Yankee),Mi Niña,Fiel - Remix,Te Gusta,Buenos Días,Mayor Que Yo 3,Tu Recuerdo
Wisin & Yandel,1wZtkThiXbVNtj6hee6dz9,79,Besos Moja2,Noche De Entierro,Noche De Sexo,El Telefono,Rakata,Sexy Movimiento,Algo Me Gusta De Ti,Algo Me Gusta De Ti,Pam Pam,Abusadora
Ximena Sarin1ana,7plUpXSFcSJUZSiZAoXqr1,64,Nunca Tuve Tanto,Resistiré,Cobarde,Respiro (Cap. 8),Bombas,Feliz Breakup,Histéricos,¿Qué Tiene?,Se Fue - Con Ximena Sariñana y Elsa y Elmar,Una Vez Más
Yandel,0eHQ9o50hj6ZDNBt6Ys1sD,79,Yandel 150,Yankee 150,CANCIÓN CON YANDEL,Báilame - Remix,Encantadora,Cuando Te Toca,XQ Te Pones Así,Hey DJ,Te Gusta,Mayor Que Yo 3
Yaneth Waldman,49xYVBMRskbDXPIZJZxJwR,42,La familia Madrigal,Solo tú,Debo Cambiar - Remix
Young Miko,3qsKSpcV3ncke3hw52JSMB,80,Classy 101,Lisa,8 AM,ID,Riri,Brinca,Chulo pt.2,Big Booty,Cuando Te Toca,Un Poquito
Zion & Lennox,21451j1KhjAiaYKflxBjr1,77,Yo Voy (feat. Daddy Yankee),Otra vez (feat. J Balvin),SUBEME LA RADIO,La player (Bandolera),Loco,La Pasamos CXBRXN,No Es Justo,Berlin,Me Pones en Tencion,Te Quiero Pa´Mi
zzoilo,7c53ZFyajVMTo08HmvoB6b,63,Mon Amour - Remix,El Wey,Beber x Beber,Mon amour,Feliz Breakup,Soy Yo,Al Punto de Sal,Menta,Superman,Spaghettis En la Terraza
